iso	moduuli	polku	kuva	puute
BGR	fokuskohteet-bgr.js	FOKUSKOHTEET_BGR[0].kuva	Plovdiv-old town.jpg	lisenssiUrl
BGR	fokuskohteet-bgr.js	FOKUSKOHTEET_BGR[0].kuva	Plovdiv-old town.jpg	lahdeUrl
BGR	fokuskohteet-bgr.js	FOKUSKOHTEET_BGR[1].kuva	Gold treasure, 4600-4200 BC, AM Varna, Varm24.jpg	lisenssiUrl
BGR	fokuskohteet-bgr.js	FOKUSKOHTEET_BGR[1].kuva	Gold treasure, 4600-4200 BC, AM Varna, Varm24.jpg	lahdeUrl
BGR	fokuskohteet-bgr.js	FOKUSKOHTEET_BGR[2].kuva	Ramparts of Tsarevets Fortress with City Backdrop - Veliko Tarnovo - Bulgaria - 01 (43220029581).jpg	lisenssiUrl
BGR	fokuskohteet-bgr.js	FOKUSKOHTEET_BGR[2].kuva	Ramparts of Tsarevets Fortress with City Backdrop - Veliko Tarnovo - Bulgaria - 01 (43220029581).jpg	lahdeUrl
BGR	fokuskohteet-bgr.js	FOKUSKOHTEET_BGR[3].kuva	Seven Rila Lakes.jpg	lisenssiUrl
BGR	fokuskohteet-bgr.js	FOKUSKOHTEET_BGR[3].kuva	Seven Rila Lakes.jpg	lahdeUrl
BGR	fokuskohteet-bgr.js	FOKUSKOHTEET_BGR[4].kuva	Musala Northern Wall.jpg	lisenssiUrl
BGR	fokuskohteet-bgr.js	FOKUSKOHTEET_BGR[4].kuva	Musala Northern Wall.jpg	lahdeUrl
BGR	fokuskohteet-bgr.js	FOKUSKOHTEET_BGR[5].kuva	Rilakloster stitched 14.jpg	lisenssiUrl
BGR	fokuskohteet-bgr.js	FOKUSKOHTEET_BGR[5].kuva	Rilakloster stitched 14.jpg	lahdeUrl
BGR	fokuskohteet-bgr.js	FOKUSKOHTEET_BGR[6].kuva	Mount Vitosha (1) (37642153771).jpg	lisenssiUrl
BGR	fokuskohteet-bgr.js	FOKUSKOHTEET_BGR[6].kuva	Mount Vitosha (1) (37642153771).jpg	lahdeUrl
BGR	fokuskohteet-bgr.js	FOKUSKOHTEET_BGR[7].kuva	Balkan Mountains from Trakia motorway 1.jpg	lisenssiUrl
BGR	fokuskohteet-bgr.js	FOKUSKOHTEET_BGR[7].kuva	Balkan Mountains from Trakia motorway 1.jpg	lahdeUrl
BGR	fokuskohteet-bgr.js	FOKUSKOHTEET_BGR[8].kuva	Dunav VIdin.jpg	lisenssiUrl
BGR	fokuskohteet-bgr.js	FOKUSKOHTEET_BGR[8].kuva	Dunav VIdin.jpg	lahdeUrl
BGR	fokuskohteet-bgr.js	FOKUSKOHTEET_BGR[9].kuva	Black Sea near Varna.jpg	lisenssiUrl
BGR	fokuskohteet-bgr.js	FOKUSKOHTEET_BGR[9].kuva	Black Sea near Varna.jpg	lahdeUrl
BGR	fokuskohteet-bgr.js	FOKUSKOHTEET_BGR[10].kuva	Rose-picking in Bulgaria 1870ies.jpg	lisenssiUrl
BGR	fokuskohteet-bgr.js	FOKUSKOHTEET_BGR[10].kuva	Rose-picking in Bulgaria 1870ies.jpg	lahdeUrl
BGR	fokuskohteet-bgr.js	FOKUSKOHTEET_BGR[11].kuva	Boyana Church 2 TB.JPG	lisenssiUrl
BGR	fokuskohteet-bgr.js	FOKUSKOHTEET_BGR[11].kuva	Boyana Church 2 TB.JPG	lahdeUrl
BGR	fokuskohteet-bgr.js	FOKUSKOHTEET_BGR[12].kuva	Bulgarian yogurt.JPG	lisenssiUrl
BGR	fokuskohteet-bgr.js	FOKUSKOHTEET_BGR[12].kuva	Bulgarian yogurt.JPG	lahdeUrl
BGR	fokuskohteet-bgr.js	FOKUSKOHTEET_BGR[13].kuva	Round Church, Preslav - Church outside view.jpg	lisenssiUrl
BGR	fokuskohteet-bgr.js	FOKUSKOHTEET_BGR[13].kuva	Round Church, Preslav - Church outside view.jpg	lahdeUrl
BGR	fokuskohteet-bgr.js	FOKUSKOHTEET_BGR[14].kuva	Caballero de Madara, reserva histórico-arqueológica Nacional de Madara, Bulgaria, 2016-05-27, DD 39.jpg	lisenssiUrl
BGR	fokuskohteet-bgr.js	FOKUSKOHTEET_BGR[14].kuva	Caballero de Madara, reserva histórico-arqueológica Nacional de Madara, Bulgaria, 2016-05-27, DD 39.jpg	lahdeUrl
BGR	fokuskohteet-bgr.js	FOKUSKOHTEET_BGR[15].kuvat[0]	Dalmatian pelican (Pelecanus crispus) in flight Danube delta.jpg	lisenssiUrl
BGR	fokuskohteet-bgr.js	FOKUSKOHTEET_BGR[15].kuvat[0]	Dalmatian pelican (Pelecanus crispus) in flight Danube delta.jpg	lahdeUrl
BGR	fokuskohteet-bgr.js	FOKUSKOHTEET_BGR[15].kuvat[1]	Dalmatian Pelican.jpg	lisenssiUrl
BGR	fokuskohteet-bgr.js	FOKUSKOHTEET_BGR[15].kuvat[1]	Dalmatian Pelican.jpg	lahdeUrl
BGR	fokuskohteet-bgr.js	FOKUSKOHTEET_BGR[15].kuvat[2]	Pelican nestling.jpg	lisenssiUrl
BGR	fokuskohteet-bgr.js	FOKUSKOHTEET_BGR[15].kuvat[2]	Pelican nestling.jpg	lahdeUrl
BGR	fokuskohteet-bgr.js	FOKUSKOHTEET_BGR[16].kuva	Kukeri razlog.JPG	lisenssiUrl
BGR	fokuskohteet-bgr.js	FOKUSKOHTEET_BGR[16].kuva	Kukeri razlog.JPG	lahdeUrl
BGR	fokuskohteet-bgr.js	FOKUSKOHTEET_BGR[17].kuva	Banya bashi dhzamiya 19 vek.jpg	lisenssiUrl
BGR	fokuskohteet-bgr.js	FOKUSKOHTEET_BGR[17].kuva	Banya bashi dhzamiya 19 vek.jpg	lahdeUrl
BIH	fokuskohteet-bih.js	FOKUSKOHTEET_BIH[0].kuva	Mostar Old Town Panorama 2007.jpg	lisenssiUrl
BIH	fokuskohteet-bih.js	FOKUSKOHTEET_BIH[0].kuva	Mostar Old Town Panorama 2007.jpg	lahdeUrl
BIH	fokuskohteet-bih.js	FOKUSKOHTEET_BIH[1].kuva	Blagaj Tekke, the spring of the Buna river, Bosnia and Herzegovina 01.jpg	lisenssiUrl
BIH	fokuskohteet-bih.js	FOKUSKOHTEET_BIH[1].kuva	Blagaj Tekke, the spring of the Buna river, Bosnia and Herzegovina 01.jpg	lahdeUrl
BIH	fokuskohteet-bih.js	FOKUSKOHTEET_BIH[2].kuva	Štrbački buk 1.jpg	lisenssiUrl
BIH	fokuskohteet-bih.js	FOKUSKOHTEET_BIH[2].kuva	Štrbački buk 1.jpg	lahdeUrl
BIH	fokuskohteet-bih.js	FOKUSKOHTEET_BIH[3].kuva	Pliva Waterfall, Jajce, 2022.jpg	lisenssiUrl
BIH	fokuskohteet-bih.js	FOKUSKOHTEET_BIH[3].kuva	Pliva Waterfall, Jajce, 2022.jpg	lahdeUrl
BIH	fokuskohteet-bih.js	FOKUSKOHTEET_BIH[4].kuva	Mehmed Paša Sokolović Bridge, Višegrad.JPG	lisenssiUrl
BIH	fokuskohteet-bih.js	FOKUSKOHTEET_BIH[4].kuva	Mehmed Paša Sokolović Bridge, Višegrad.JPG	lahdeUrl
BIH	fokuskohteet-bih.js	FOKUSKOHTEET_BIH[5].kuva	Bosnia IMG 9590 Konjic Neretva river.JPG	lisenssiUrl
BIH	fokuskohteet-bih.js	FOKUSKOHTEET_BIH[5].kuva	Bosnia IMG 9590 Konjic Neretva river.JPG	lahdeUrl
BIH	fokuskohteet-bih.js	FOKUSKOHTEET_BIH[6].kuva	Np sutjeska maglic.JPG	lisenssiUrl
BIH	fokuskohteet-bih.js	FOKUSKOHTEET_BIH[6].kuva	Np sutjeska maglic.JPG	lahdeUrl
BIH	fokuskohteet-bih.js	FOKUSKOHTEET_BIH[7].kuva	Travnik western panorama.jpg	lisenssiUrl
BIH	fokuskohteet-bih.js	FOKUSKOHTEET_BIH[7].kuva	Travnik western panorama.jpg	lahdeUrl
BIH	fokuskohteet-bih.js	FOKUSKOHTEET_BIH[8].kuva	Neum, costa.jpg	lisenssiUrl
BIH	fokuskohteet-bih.js	FOKUSKOHTEET_BIH[8].kuva	Neum, costa.jpg	lahdeUrl
BIH	fokuskohteet-bih.js	FOKUSKOHTEET_BIH[9].kuva	Vrbas from Kastel Banja Luka 2019.jpg	lisenssiUrl
BIH	fokuskohteet-bih.js	FOKUSKOHTEET_BIH[9].kuva	Vrbas from Kastel Banja Luka 2019.jpg	lahdeUrl
BIH	fokuskohteet-bih.js	FOKUSKOHTEET_BIH[10].kuva	Vjetrenica Cave Inside 2024.jpg	lisenssiUrl
BIH	fokuskohteet-bih.js	FOKUSKOHTEET_BIH[10].kuva	Vjetrenica Cave Inside 2024.jpg	lahdeUrl
BIH	fokuskohteet-bih.js	FOKUSKOHTEET_BIH[11].kuva	Hutovo Blato Wetlands 01.jpg	lisenssiUrl
BIH	fokuskohteet-bih.js	FOKUSKOHTEET_BIH[11].kuva	Hutovo Blato Wetlands 01.jpg	lahdeUrl
DEU	fokuskohteet-deu.js	FOKUSKOHTEET_DEU[0].kuva	Gipfel Zugspitze Sommer.jpg	lisenssiUrl
DEU	fokuskohteet-deu.js	FOKUSKOHTEET_DEU[0].kuva	Gipfel Zugspitze Sommer.jpg	lahdeUrl
DEU	fokuskohteet-deu.js	FOKUSKOHTEET_DEU[1].kuva	Berchtesgaden - Watzmann-Massiv von Norden.jpg	lisenssiUrl
DEU	fokuskohteet-deu.js	FOKUSKOHTEET_DEU[1].kuva	Berchtesgaden - Watzmann-Massiv von Norden.jpg	lahdeUrl
DEU	fokuskohteet-deu.js	FOKUSKOHTEET_DEU[2].kuva	Feldberg vom Schauinsland.jpg	lisenssiUrl
DEU	fokuskohteet-deu.js	FOKUSKOHTEET_DEU[2].kuva	Feldberg vom Schauinsland.jpg	lahdeUrl
DEU	fokuskohteet-deu.js	FOKUSKOHTEET_DEU[3].kuva	Großer und Kleiner Arber.jpg	lisenssiUrl
DEU	fokuskohteet-deu.js	FOKUSKOHTEET_DEU[3].kuva	Großer und Kleiner Arber.jpg	lahdeUrl
DEU	fokuskohteet-deu.js	FOKUSKOHTEET_DEU[4].kuva	Nationalpark Harz - Brocken-Gipfel.JPG	lisenssiUrl
DEU	fokuskohteet-deu.js	FOKUSKOHTEET_DEU[4].kuva	Nationalpark Harz - Brocken-Gipfel.JPG	lahdeUrl
DEU	fokuskohteet-deu.js	FOKUSKOHTEET_DEU[5].kuva	13-09-29-nordfriesisches-wattenmeer-RalfR-03.jpg	lisenssiUrl
DEU	fokuskohteet-deu.js	FOKUSKOHTEET_DEU[5].kuva	13-09-29-nordfriesisches-wattenmeer-RalfR-03.jpg	lahdeUrl
DEU	fokuskohteet-deu.js	FOKUSKOHTEET_DEU[6].kuva	Kreidefelsen an der Ostsee.jpg	lisenssiUrl
DEU	fokuskohteet-deu.js	FOKUSKOHTEET_DEU[6].kuva	Kreidefelsen an der Ostsee.jpg	lahdeUrl
DEU	fokuskohteet-deu.js	FOKUSKOHTEET_DEU[7].kuva	Bodensee seen from Konstanz 2024-02-23 01.jpg	lisenssiUrl
DEU	fokuskohteet-deu.js	FOKUSKOHTEET_DEU[7].kuva	Bodensee seen from Konstanz 2024-02-23 01.jpg	lahdeUrl
DEU	fokuskohteet-deu.js	FOKUSKOHTEET_DEU[8].kuva	Loreley am Rhein.JPG	lisenssiUrl
DEU	fokuskohteet-deu.js	FOKUSKOHTEET_DEU[8].kuva	Loreley am Rhein.JPG	lahdeUrl
DEU	fokuskohteet-deu.js	FOKUSKOHTEET_DEU[9].kuva	Cuxhaven, Strand, Blick auf die Elbmündung -- 2024 -- 5997.jpg	lisenssiUrl
DEU	fokuskohteet-deu.js	FOKUSKOHTEET_DEU[9].kuva	Cuxhaven, Strand, Blick auf die Elbmündung -- 2024 -- 5997.jpg	lahdeUrl
DEU	fokuskohteet-deu.js	FOKUSKOHTEET_DEU[10].kuva	Der Donaudurchbruch zwischen Weltenburg und Kelheim (11126675003).jpg	lisenssiUrl
DEU	fokuskohteet-deu.js	FOKUSKOHTEET_DEU[10].kuva	Der Donaudurchbruch zwischen Weltenburg und Kelheim (11126675003).jpg	lahdeUrl
DEU	fokuskohteet-deu.js	FOKUSKOHTEET_DEU[11].kuva	01 Luftbild Frankfurt oder Slubice 09072011.jpg	lisenssiUrl
DEU	fokuskohteet-deu.js	FOKUSKOHTEET_DEU[11].kuva	01 Luftbild Frankfurt oder Slubice 09072011.jpg	lahdeUrl
DEU	fokuskohteet-deu.js	FOKUSKOHTEET_DEU[12].kuva	Weser bei Reinhardshagen.jpg	lisenssiUrl
DEU	fokuskohteet-deu.js	FOKUSKOHTEET_DEU[12].kuva	Weser bei Reinhardshagen.jpg	lahdeUrl
DEU	fokuskohteet-deu.js	FOKUSKOHTEET_DEU[13].kuva	Berlin, Brandenburger Tor -- 2013 -- 4589.jpg	lisenssiUrl
DEU	fokuskohteet-deu.js	FOKUSKOHTEET_DEU[13].kuva	Berlin, Brandenburger Tor -- 2013 -- 4589.jpg	lahdeUrl
DEU	fokuskohteet-deu.js	FOKUSKOHTEET_DEU[14].kuva	Schloss Sanssouci Potsdam - Weinbergterrasse 01.jpg	lisenssiUrl
DEU	fokuskohteet-deu.js	FOKUSKOHTEET_DEU[14].kuva	Schloss Sanssouci Potsdam - Weinbergterrasse 01.jpg	lahdeUrl
DEU	fokuskohteet-deu.js	FOKUSKOHTEET_DEU[15].kuva	Hamburg, Speicherstadt, Wasserschloss -- 2016 -- 2956.jpg	lisenssiUrl
DEU	fokuskohteet-deu.js	FOKUSKOHTEET_DEU[15].kuva	Hamburg, Speicherstadt, Wasserschloss -- 2016 -- 2956.jpg	lahdeUrl
DEU	fokuskohteet-deu.js	FOKUSKOHTEET_DEU[16].kuva	Kölner Dom von Osten.jpg	lisenssiUrl
DEU	fokuskohteet-deu.js	FOKUSKOHTEET_DEU[16].kuva	Kölner Dom von Osten.jpg	lahdeUrl
DEU	fokuskohteet-deu.js	FOKUSKOHTEET_DEU[17].kuva	Marienplatz mit Rathaus München (Panorama) mit Frauenkirche (2019).jpg	lisenssiUrl
DEU	fokuskohteet-deu.js	FOKUSKOHTEET_DEU[17].kuva	Marienplatz mit Rathaus München (Panorama) mit Frauenkirche (2019).jpg	lahdeUrl
DEU	fokuskohteet-deu.js	FOKUSKOHTEET_DEU[18].kuva	Dresden Elbe Frauenkirche.jpg	lisenssiUrl
DEU	fokuskohteet-deu.js	FOKUSKOHTEET_DEU[18].kuva	Dresden Elbe Frauenkirche.jpg	lahdeUrl
DEU	fokuskohteet-deu.js	FOKUSKOHTEET_DEU[19].kuva	Eisenach Germany Wartburg-Castle-01.jpg	lisenssiUrl
DEU	fokuskohteet-deu.js	FOKUSKOHTEET_DEU[19].kuva	Eisenach Germany Wartburg-Castle-01.jpg	lahdeUrl
DEU	fokuskohteet-deu.js	FOKUSKOHTEET_DEU[20].kuva	20180114 Zeche Zollverein, Essen (01980).jpg	lisenssiUrl
DEU	fokuskohteet-deu.js	FOKUSKOHTEET_DEU[20].kuva	20180114 Zeche Zollverein, Essen (01980).jpg	lahdeUrl
GBR	fokuskohteet-gbr.js	FOKUSKOHTEET_GBR[0].kuva	St Paul's Cathedral Dome 2020 Exterior Ground.jpg	lisenssiUrl
GBR	fokuskohteet-gbr.js	FOKUSKOHTEET_GBR[0].kuva	St Paul's Cathedral Dome 2020 Exterior Ground.jpg	lahdeUrl
GRC	fokuskohteet-grc.js	FOKUSKOHTEET_GRC[0].kuva	Rotunda mit Minarett, Thessaloniki 1995.jpg	lisenssiUrl
GRC	fokuskohteet-grc.js	FOKUSKOHTEET_GRC[0].kuva	Rotunda mit Minarett, Thessaloniki 1995.jpg	lahdeUrl
GRC	fokuskohteet-grc.js	FOKUSKOHTEET_GRC[1].kuva	Marché à Patras.jpg	lisenssiUrl
GRC	fokuskohteet-grc.js	FOKUSKOHTEET_GRC[1].kuva	Marché à Patras.jpg	lahdeUrl
GRC	fokuskohteet-grc.js	FOKUSKOHTEET_GRC[2].kuva	Ioannina, Greece.jpg	lisenssiUrl
GRC	fokuskohteet-grc.js	FOKUSKOHTEET_GRC[2].kuva	Ioannina, Greece.jpg	lahdeUrl
GRC	fokuskohteet-grc.js	FOKUSKOHTEET_GRC[3].kuva	Maison de Capo d'Istria sous les murs de Tirynthe Nauplie dans le golfe d'Argos - Rey Etienne - 1867.jpg	lisenssiUrl
GRC	fokuskohteet-grc.js	FOKUSKOHTEET_GRC[3].kuva	Maison de Capo d'Istria sous les murs de Tirynthe Nauplie dans le golfe d'Argos - Rey Etienne - 1867.jpg	lahdeUrl
GRC	fokuskohteet-grc.js	FOKUSKOHTEET_GRC[4].kuva	Armon Knossos P1050997.JPG	lisenssiUrl
GRC	fokuskohteet-grc.js	FOKUSKOHTEET_GRC[4].kuva	Armon Knossos P1050997.JPG	lahdeUrl
GRC	fokuskohteet-grc.js	FOKUSKOHTEET_GRC[5].kuva	Around the summit, Mount Olympus.jpg	lisenssiUrl
GRC	fokuskohteet-grc.js	FOKUSKOHTEET_GRC[5].kuva	Around the summit, Mount Olympus.jpg	lahdeUrl
GRC	fokuskohteet-grc.js	FOKUSKOHTEET_GRC[6].kuva	Mount Parnassus from Chalaxidi.JPG	lisenssiUrl
GRC	fokuskohteet-grc.js	FOKUSKOHTEET_GRC[6].kuva	Mount Parnassus from Chalaxidi.JPG	lahdeUrl
GRC	fokuskohteet-grc.js	FOKUSKOHTEET_GRC[7].kuva	Mont Taygète Vue prise de Sparte - Blouet Guillaume-abel - 1831.jpg	lisenssiUrl
GRC	fokuskohteet-grc.js	FOKUSKOHTEET_GRC[7].kuva	Mont Taygète Vue prise de Sparte - Blouet Guillaume-abel - 1831.jpg	lahdeUrl
GRC	fokuskohteet-grc.js	FOKUSKOHTEET_GRC[8].kuva	Southern Pindus IMG 3592.jpg	lisenssiUrl
GRC	fokuskohteet-grc.js	FOKUSKOHTEET_GRC[8].kuva	Southern Pindus IMG 3592.jpg	lahdeUrl
GRC	fokuskohteet-grc.js	FOKUSKOHTEET_GRC[9].kuva	Smolikas IMG 0118.jpg	lisenssiUrl
GRC	fokuskohteet-grc.js	FOKUSKOHTEET_GRC[9].kuva	Smolikas IMG 0118.jpg	lahdeUrl
GRC	fokuskohteet-grc.js	FOKUSKOHTEET_GRC[10].kuva	Psiloritis view from Thronos 01.JPG	lisenssiUrl
GRC	fokuskohteet-grc.js	FOKUSKOHTEET_GRC[10].kuva	Psiloritis view from Thronos 01.JPG	lahdeUrl
GRC	fokuskohteet-grc.js	FOKUSKOHTEET_GRC[11].kuva	BoatGreecewaters.JPG	lisenssiUrl
GRC	fokuskohteet-grc.js	FOKUSKOHTEET_GRC[11].kuva	BoatGreecewaters.JPG	lahdeUrl
GRC	fokuskohteet-grc.js	FOKUSKOHTEET_GRC[12].kuva	Emil Jakob Schindler - Das Ionische Meer bei Korfu - 4020 - Österreichische Galerie Belvedere.jpg	lisenssiUrl
GRC	fokuskohteet-grc.js	FOKUSKOHTEET_GRC[12].kuva	Emil Jakob Schindler - Das Ionische Meer bei Korfu - 4020 - Österreichische Galerie Belvedere.jpg	lahdeUrl
GRC	fokuskohteet-grc.js	FOKUSKOHTEET_GRC[13].kuva	The coast of Crete Sea near Chania. Crete, Greece.jpg	lisenssiUrl
GRC	fokuskohteet-grc.js	FOKUSKOHTEET_GRC[13].kuva	The coast of Crete Sea near Chania. Crete, Greece.jpg	lahdeUrl
GRC	fokuskohteet-grc.js	FOKUSKOHTEET_GRC[14].kuva	Samothraki view from Dikella beach.JPG	lisenssiUrl
GRC	fokuskohteet-grc.js	FOKUSKOHTEET_GRC[14].kuva	Samothraki view from Dikella beach.JPG	lahdeUrl
GRC	fokuskohteet-grc.js	FOKUSKOHTEET_GRC[15].kuva	Ven to Aliakmon.jpg	lisenssiUrl
GRC	fokuskohteet-grc.js	FOKUSKOHTEET_GRC[15].kuva	Ven to Aliakmon.jpg	lahdeUrl
GRC	fokuskohteet-grc.js	FOKUSKOHTEET_GRC[16].kuva	Στρυμόνας - Μπέλλες.jpg	lisenssiUrl
GRC	fokuskohteet-grc.js	FOKUSKOHTEET_GRC[16].kuva	Στρυμόνας - Μπέλλες.jpg	lahdeUrl
GRC	fokuskohteet-grc.js	FOKUSKOHTEET_GRC[17].kuva	Meriç Nehri ve Meriç Köprüsü 2015.jpg	lisenssiUrl
GRC	fokuskohteet-grc.js	FOKUSKOHTEET_GRC[17].kuva	Meriç Nehri ve Meriç Köprüsü 2015.jpg	lahdeUrl
GRC	fokuskohteet-grc.js	FOKUSKOHTEET_GRC[18].kuva	Corinth Canal in 2019.jpg	lisenssiUrl
GRC	fokuskohteet-grc.js	FOKUSKOHTEET_GRC[18].kuva	Corinth Canal in 2019.jpg	lahdeUrl
GRC	fokuskohteet-grc.js	FOKUSKOHTEET_GRC[19].kuva	Santorini (Thira), site of the Minoan eruption, Greece - 7 January 2023 - Flickr - SentinelHub.jpg	lisenssiUrl
GRC	fokuskohteet-grc.js	FOKUSKOHTEET_GRC[19].kuva	Santorini (Thira), site of the Minoan eruption, Greece - 7 January 2023 - Flickr - SentinelHub.jpg	lahdeUrl
GRC	fokuskohteet-grc.js	FOKUSKOHTEET_GRC[20].kuva	"Als Mittelpunkt der Welt" galt Delphi für die Menschen der Antike. 01.jpg	lisenssiUrl
GRC	fokuskohteet-grc.js	FOKUSKOHTEET_GRC[20].kuva	"Als Mittelpunkt der Welt" galt Delphi für die Menschen der Antike. 01.jpg	lahdeUrl
GRC	fokuskohteet-grc.js	FOKUSKOHTEET_GRC[21].kuva	The Parthenon in Athens.jpg	lisenssiUrl
GRC	fokuskohteet-grc.js	FOKUSKOHTEET_GRC[21].kuva	The Parthenon in Athens.jpg	lahdeUrl
GRC	fokuskohteet-grc.js	FOKUSKOHTEET_GRC[22].kuva	Caryatids from the Erechtheion on the Acropolis, Acropolis Museum, Athens (13889706087).jpg	lisenssiUrl
GRC	fokuskohteet-grc.js	FOKUSKOHTEET_GRC[22].kuva	Caryatids from the Erechtheion on the Acropolis, Acropolis Museum, Athens (13889706087).jpg	lahdeUrl
GRC	fokuskohteet-grc.js	FOKUSKOHTEET_GRC[23].kuva	Ancient Olympia Stadium in Greece (51224128585).jpg	lisenssiUrl
GRC	fokuskohteet-grc.js	FOKUSKOHTEET_GRC[23].kuva	Ancient Olympia Stadium in Greece (51224128585).jpg	lahdeUrl
GRC	fokuskohteet-grc.js	FOKUSKOHTEET_GRC[24].kuva	Kalamataolives.jpg	lisenssiUrl
GRC	fokuskohteet-grc.js	FOKUSKOHTEET_GRC[24].kuva	Kalamataolives.jpg	lahdeUrl
GRC	fokuskohteet-grc.js	FOKUSKOHTEET_GRC[25].kuva	Syros ermoupolis 140707.jpg	lisenssiUrl
GRC	fokuskohteet-grc.js	FOKUSKOHTEET_GRC[25].kuva	Syros ermoupolis 140707.jpg	lahdeUrl
GRC	fokuskohteet-grc.js	FOKUSKOHTEET_GRC[26].kuva	2007 Greece Epidavros theater.jpg	lisenssiUrl
GRC	fokuskohteet-grc.js	FOKUSKOHTEET_GRC[26].kuva	2007 Greece Epidavros theater.jpg	lahdeUrl
GRC	fokuskohteet-grc.js	FOKUSKOHTEET_GRC[27].kuva	Marathon Tomb of the Athenians 1.jpg	lisenssiUrl
GRC	fokuskohteet-grc.js	FOKUSKOHTEET_GRC[27].kuva	Marathon Tomb of the Athenians 1.jpg	lahdeUrl
GRC	fokuskohteet-grc.js	FOKUSKOHTEET_GRC[28].kuva	Mechanism of Antikythera, 150-100 BC, NAMA, 191434.jpg	lisenssiUrl
GRC	fokuskohteet-grc.js	FOKUSKOHTEET_GRC[28].kuva	Mechanism of Antikythera, 150-100 BC, NAMA, 191434.jpg	lahdeUrl
GRC	fokuskohteet-grc.js	FOKUSKOHTEET_GRC[29].kuva	Little owl (Athene noctua),.jpg	lisenssiUrl
GRC	fokuskohteet-grc.js	FOKUSKOHTEET_GRC[29].kuva	Little owl (Athene noctua),.jpg	lahdeUrl
GRC	fokuskohteet-grc.js	FOKUSKOHTEET_GRC[30].kuva	Testudo marginata on Evia (Euboea) island, Greece.jpg	lisenssiUrl
GRC	fokuskohteet-grc.js	FOKUSKOHTEET_GRC[30].kuva	Testudo marginata on Evia (Euboea) island, Greece.jpg	lahdeUrl
GRC	fokuskohteet-grc.js	FOKUSKOHTEET_GRC[32].kuva	Knossos North entrance bull fresco.jpg	lisenssiUrl
GRC	fokuskohteet-grc.js	FOKUSKOHTEET_GRC[32].kuva	Knossos North entrance bull fresco.jpg	lahdeUrl
GRC	fokuskohteet-grc.js	FOKUSKOHTEET_GRC[33].kuva	Temple of Hephaestus from ancient agora Athens.jpg	lisenssiUrl
GRC	fokuskohteet-grc.js	FOKUSKOHTEET_GRC[33].kuva	Temple of Hephaestus from ancient agora Athens.jpg	lahdeUrl
GRC	fokuskohteet-grc.js	FOKUSKOHTEET_GRC[34].kuva	L'Olympieion (Athènes) (30776483926).jpg	lisenssiUrl
GRC	fokuskohteet-grc.js	FOKUSKOHTEET_GRC[34].kuva	L'Olympieion (Athènes) (30776483926).jpg	lahdeUrl
HRV	fokuskohteet-hrv.js	FOKUSKOHTEET_HRV[0].kuva	Zagreb Trg Ban Jelacic market.jpg	lisenssiUrl
HRV	fokuskohteet-hrv.js	FOKUSKOHTEET_HRV[0].kuva	Zagreb Trg Ban Jelacic market.jpg	lahdeUrl
HRV	fokuskohteet-hrv.js	FOKUSKOHTEET_HRV[1].kuva	Peristyle of Diocletian's Palace - Split - 51389330950.jpg	lisenssiUrl
HRV	fokuskohteet-hrv.js	FOKUSKOHTEET_HRV[1].kuva	Peristyle of Diocletian's Palace - Split - 51389330950.jpg	lahdeUrl
HRV	fokuskohteet-hrv.js	FOKUSKOHTEET_HRV[2].kuva	View over Rijeka city.jpg	lisenssiUrl
HRV	fokuskohteet-hrv.js	FOKUSKOHTEET_HRV[2].kuva	View over Rijeka city.jpg	lahdeUrl
HRV	fokuskohteet-hrv.js	FOKUSKOHTEET_HRV[3].kuva	Roman forum, Zadar (P1080975).jpg	lisenssiUrl
HRV	fokuskohteet-hrv.js	FOKUSKOHTEET_HRV[3].kuva	Roman forum, Zadar (P1080975).jpg	lahdeUrl
HRV	fokuskohteet-hrv.js	FOKUSKOHTEET_HRV[4].kuva	Tvrđa, Osijek 02.jpg	lisenssiUrl
HRV	fokuskohteet-hrv.js	FOKUSKOHTEET_HRV[4].kuva	Tvrđa, Osijek 02.jpg	lahdeUrl
HRV	fokuskohteet-hrv.js	FOKUSKOHTEET_HRV[5].kuva	Mountaineering at Dinara -Croatia- in 2010.jpg	lisenssiUrl
HRV	fokuskohteet-hrv.js	FOKUSKOHTEET_HRV[5].kuva	Mountaineering at Dinara -Croatia- in 2010.jpg	lahdeUrl
HRV	fokuskohteet-hrv.js	FOKUSKOHTEET_HRV[6].kuva	The highest peak Sv Jure (1762 m) in Biokovo Nature Park.jpg	lisenssiUrl
HRV	fokuskohteet-hrv.js	FOKUSKOHTEET_HRV[6].kuva	The highest peak Sv Jure (1762 m) in Biokovo Nature Park.jpg	lahdeUrl
HRV	fokuskohteet-hrv.js	FOKUSKOHTEET_HRV[7].kuva	Vaganski vrh.jpg	lisenssiUrl
HRV	fokuskohteet-hrv.js	FOKUSKOHTEET_HRV[7].kuva	Vaganski vrh.jpg	lahdeUrl
HRV	fokuskohteet-hrv.js	FOKUSKOHTEET_HRV[8].kuva	Ćunina glava, Risnjak National Park, Croatia.jpg	lisenssiUrl
HRV	fokuskohteet-hrv.js	FOKUSKOHTEET_HRV[8].kuva	Ćunina glava, Risnjak National Park, Croatia.jpg	lahdeUrl
HRV	fokuskohteet-hrv.js	FOKUSKOHTEET_HRV[9].kuva	Vojak (mountain), view to Rijeka.jpg	lisenssiUrl
HRV	fokuskohteet-hrv.js	FOKUSKOHTEET_HRV[9].kuva	Vojak (mountain), view to Rijeka.jpg	lahdeUrl
HRV	fokuskohteet-hrv.js	FOKUSKOHTEET_HRV[10].kuva	Nacionalni park Kornati 3.jpg	lisenssiUrl
HRV	fokuskohteet-hrv.js	FOKUSKOHTEET_HRV[10].kuva	Nacionalni park Kornati 3.jpg	lahdeUrl
HRV	fokuskohteet-hrv.js	FOKUSKOHTEET_HRV[11].kuva	Sava River at Brod - Slavonski Brod (Republika Srpska - Croatia border).jpg	lisenssiUrl
HRV	fokuskohteet-hrv.js	FOKUSKOHTEET_HRV[11].kuva	Sava River at Brod - Slavonski Brod (Republika Srpska - Croatia border).jpg	lahdeUrl
HRV	fokuskohteet-hrv.js	FOKUSKOHTEET_HRV[12].kuva	Drava, Donji Miholjac 04.jpg	lisenssiUrl
HRV	fokuskohteet-hrv.js	FOKUSKOHTEET_HRV[12].kuva	Drava, Donji Miholjac 04.jpg	lahdeUrl
HRV	fokuskohteet-hrv.js	FOKUSKOHTEET_HRV[13].kuva	Aerial image of the Stari Grad Plain (view from the southwest).jpg	lisenssiUrl
HRV	fokuskohteet-hrv.js	FOKUSKOHTEET_HRV[13].kuva	Aerial image of the Stari Grad Plain (view from the southwest).jpg	lahdeUrl
HRV	fokuskohteet-hrv.js	FOKUSKOHTEET_HRV[14].kuva	Korčula Old Town, Croatia (2024).jpg	lisenssiUrl
HRV	fokuskohteet-hrv.js	FOKUSKOHTEET_HRV[14].kuva	Korčula Old Town, Croatia (2024).jpg	lahdeUrl
HRV	fokuskohteet-hrv.js	FOKUSKOHTEET_HRV[15].kuva	Aerial view of the lakes Veliko Jezero and Malo Jezero on Mljet, Croatia (48612923586).jpg	lisenssiUrl
HRV	fokuskohteet-hrv.js	FOKUSKOHTEET_HRV[15].kuva	Aerial view of the lakes Veliko Jezero and Malo Jezero on Mljet, Croatia (48612923586).jpg	lahdeUrl
HRV	fokuskohteet-hrv.js	FOKUSKOHTEET_HRV[16].kuva	Plitvice lakes waterfalls from top.jpg	lisenssiUrl
HRV	fokuskohteet-hrv.js	FOKUSKOHTEET_HRV[16].kuva	Plitvice lakes waterfalls from top.jpg	lahdeUrl
HRV	fokuskohteet-hrv.js	FOKUSKOHTEET_HRV[17].kuva	Anfiteatro de Pula, Croacia, 2017-04-17, DD 13-18 HDR PAN.jpg	lisenssiUrl
HRV	fokuskohteet-hrv.js	FOKUSKOHTEET_HRV[17].kuva	Anfiteatro de Pula, Croacia, 2017-04-17, DD 13-18 HDR PAN.jpg	lahdeUrl
HRV	fokuskohteet-hrv.js	FOKUSKOHTEET_HRV[18].kuva	Croatia-02147 - Walls of Ston (10091720635).jpg	lisenssiUrl
HRV	fokuskohteet-hrv.js	FOKUSKOHTEET_HRV[18].kuva	Croatia-02147 - Walls of Ston (10091720635).jpg	lahdeUrl
HUN	fokuskohteet-hun.js	FOKUSKOHTEET_HUN[0].kuva	Debrecen - Protestant Great Church.JPG	lisenssiUrl
HUN	fokuskohteet-hun.js	FOKUSKOHTEET_HUN[0].kuva	Debrecen - Protestant Great Church.JPG	lahdeUrl
HUN	fokuskohteet-hun.js	FOKUSKOHTEET_HUN[1].kuva	Szeged Fogadalmi templom DDNy.jpg	lisenssiUrl
HUN	fokuskohteet-hun.js	FOKUSKOHTEET_HUN[1].kuva	Szeged Fogadalmi templom DDNy.jpg	lahdeUrl
HUN	fokuskohteet-hun.js	FOKUSKOHTEET_HUN[2].kuva	Pécs Cathedral Roman art era - Hungary.jpg	lisenssiUrl
HUN	fokuskohteet-hun.js	FOKUSKOHTEET_HUN[2].kuva	Pécs Cathedral Roman art era - Hungary.jpg	lahdeUrl
HUN	fokuskohteet-hun.js	FOKUSKOHTEET_HUN[3].kuva	Eger castle (by Pudelek) 01.JPG	lisenssiUrl
HUN	fokuskohteet-hun.js	FOKUSKOHTEET_HUN[3].kuva	Eger castle (by Pudelek) 01.JPG	lahdeUrl
HUN	fokuskohteet-hun.js	FOKUSKOHTEET_HUN[4].kuva	Széchenyi Square, Győr.jpg	lisenssiUrl
HUN	fokuskohteet-hun.js	FOKUSKOHTEET_HUN[4].kuva	Széchenyi Square, Győr.jpg	lahdeUrl
HUN	fokuskohteet-hun.js	FOKUSKOHTEET_HUN[5].kuva	Kékestető.JPG	lisenssiUrl
HUN	fokuskohteet-hun.js	FOKUSKOHTEET_HUN[5].kuva	Kékestető.JPG	lahdeUrl
HUN	fokuskohteet-hun.js	FOKUSKOHTEET_HUN[6].kuva	Istállós-kő.JPG	lisenssiUrl
HUN	fokuskohteet-hun.js	FOKUSKOHTEET_HUN[6].kuva	Istállós-kő.JPG	lahdeUrl
HUN	fokuskohteet-hun.js	FOKUSKOHTEET_HUN[7].kuva	Geschriebenstein - Gipfelplateau.JPG	lisenssiUrl
HUN	fokuskohteet-hun.js	FOKUSKOHTEET_HUN[7].kuva	Geschriebenstein - Gipfelplateau.JPG	lahdeUrl
HUN	fokuskohteet-hun.js	FOKUSKOHTEET_HUN[8].kuva	Hungary donau Visegrad bend IMG 0186.JPG	lisenssiUrl
HUN	fokuskohteet-hun.js	FOKUSKOHTEET_HUN[8].kuva	Hungary donau Visegrad bend IMG 0186.JPG	lahdeUrl
HUN	fokuskohteet-hun.js	FOKUSKOHTEET_HUN[9].kuva	Tisza river - Szolnok, Hungary (1).JPG	lisenssiUrl
HUN	fokuskohteet-hun.js	FOKUSKOHTEET_HUN[9].kuva	Tisza river - Szolnok, Hungary (1).JPG	lahdeUrl
HUN	fokuskohteet-hun.js	FOKUSKOHTEET_HUN[10].kuva	Barcs, Dráva-part 2021 01.jpg	lisenssiUrl
HUN	fokuskohteet-hun.js	FOKUSKOHTEET_HUN[10].kuva	Barcs, Dráva-part 2021 01.jpg	lahdeUrl
HUN	fokuskohteet-hun.js	FOKUSKOHTEET_HUN[11].kuva	Lake Balaton at Tihany, Hungary.jpg	lisenssiUrl
HUN	fokuskohteet-hun.js	FOKUSKOHTEET_HUN[11].kuva	Lake Balaton at Tihany, Hungary.jpg	lahdeUrl
HUN	fokuskohteet-hun.js	FOKUSKOHTEET_HUN[12].kuva	Hortobagy-ziehbrunnen.jpg	lisenssiUrl
HUN	fokuskohteet-hun.js	FOKUSKOHTEET_HUN[12].kuva	Hortobagy-ziehbrunnen.jpg	lahdeUrl
HUN	fokuskohteet-hun.js	FOKUSKOHTEET_HUN[13].kuva	Vineyard near Tokaj, Hungary.jpg	lisenssiUrl
HUN	fokuskohteet-hun.js	FOKUSKOHTEET_HUN[13].kuva	Vineyard near Tokaj, Hungary.jpg	lahdeUrl
HUN	fokuskohteet-hun.js	FOKUSKOHTEET_HUN[14].kuva	Pannonhalma - stutue and archabbey.JPG	lisenssiUrl
HUN	fokuskohteet-hun.js	FOKUSKOHTEET_HUN[14].kuva	Pannonhalma - stutue and archabbey.JPG	lahdeUrl
HUN	fokuskohteet-hun.js	FOKUSKOHTEET_HUN[15].kuva	Aggtelek - Baradla.jpg	lisenssiUrl
HUN	fokuskohteet-hun.js	FOKUSKOHTEET_HUN[15].kuva	Aggtelek - Baradla.jpg	lahdeUrl
HUN	fokuskohteet-hun.js	FOKUSKOHTEET_HUN[16].kuva	Holloko Village Center.jpg	lisenssiUrl
HUN	fokuskohteet-hun.js	FOKUSKOHTEET_HUN[16].kuva	Holloko Village Center.jpg	lahdeUrl
ITA	fokuskohteet-ita.js	FOKUSKOHTEET_ITA[0].kuva	Crater rim volcano Vesuvius - Campania - Italy - July 9th 2013 - 08.jpg	lisenssiUrl
ITA	fokuskohteet-ita.js	FOKUSKOHTEET_ITA[0].kuva	Crater rim volcano Vesuvius - Campania - Italy - July 9th 2013 - 08.jpg	lahdeUrl
ITA	fokuskohteet-ita.js	FOKUSKOHTEET_ITA[1].kuva	Forum (Pompeii) and the Vesuvio.jpg	lisenssiUrl
ITA	fokuskohteet-ita.js	FOKUSKOHTEET_ITA[1].kuva	Forum (Pompeii) and the Vesuvio.jpg	lahdeUrl
ITA	fokuskohteet-ita.js	FOKUSKOHTEET_ITA[2].kuva	Naples from the Castello Sant Elmo with Abbazia San Martino the port and the Vesuv.jpg	lisenssiUrl
ITA	fokuskohteet-ita.js	FOKUSKOHTEET_ITA[2].kuva	Naples from the Castello Sant Elmo with Abbazia San Martino the port and the Vesuv.jpg	lahdeUrl
ITA	fokuskohteet-ita.js	FOKUSKOHTEET_ITA[3].kuva	Piazza dei Miracoli (Pisa) 2023.jpg	lisenssiUrl
ITA	fokuskohteet-ita.js	FOKUSKOHTEET_ITA[3].kuva	Piazza dei Miracoli (Pisa) 2023.jpg	lahdeUrl
ITA	fokuskohteet-ita.js	FOKUSKOHTEET_ITA[4].kuva	Albert Bierstadt - The Blue Grotto, Capri - Walters 371565.jpg	lisenssiUrl
ITA	fokuskohteet-ita.js	FOKUSKOHTEET_ITA[4].kuva	Albert Bierstadt - The Blue Grotto, Capri - Walters 371565.jpg	lahdeUrl
ITA	fokuskohteet-ita.js	FOKUSKOHTEET_ITA[5].kuva	Vernazza dal Sentiero Azzurro.jpg	lisenssiUrl
ITA	fokuskohteet-ita.js	FOKUSKOHTEET_ITA[5].kuva	Vernazza dal Sentiero Azzurro.jpg	lahdeUrl
ITA	fokuskohteet-ita.js	FOKUSKOHTEET_ITA[6].kuva	View of Sassi di Matera, Matera, Italy (PPL2-Enhanced) julesvernex2.jpg	lisenssiUrl
ITA	fokuskohteet-ita.js	FOKUSKOHTEET_ITA[6].kuva	View of Sassi di Matera, Matera, Italy (PPL2-Enhanced) julesvernex2.jpg	lahdeUrl
ITA	fokuskohteet-ita.js	FOKUSKOHTEET_ITA[7].kuva	Drei Zinnen Tre Cime di Lavaredo Dolomites.jpg	lisenssiUrl
ITA	fokuskohteet-ita.js	FOKUSKOHTEET_ITA[7].kuva	Drei Zinnen Tre Cime di Lavaredo Dolomites.jpg	lahdeUrl
ITA	fokuskohteet-ita.js	FOKUSKOHTEET_ITA[8].kuva	Mount Etna snow-toppd.jpg	lisenssiUrl
ITA	fokuskohteet-ita.js	FOKUSKOHTEET_ITA[8].kuva	Mount Etna snow-toppd.jpg	lahdeUrl
ITA	fokuskohteet-ita.js	FOKUSKOHTEET_ITA[9].kuva	Milano, Duomo with Milan Cathedral and Galleria Vittorio Emanuele II, 2016.jpg	lisenssiUrl
ITA	fokuskohteet-ita.js	FOKUSKOHTEET_ITA[9].kuva	Milano, Duomo with Milan Cathedral and Galleria Vittorio Emanuele II, 2016.jpg	lahdeUrl
ITA	fokuskohteet-ita.js	FOKUSKOHTEET_ITA[10].kuva	Mole Antonelliana in Turin.jpg	lisenssiUrl
ITA	fokuskohteet-ita.js	FOKUSKOHTEET_ITA[10].kuva	Mole Antonelliana in Turin.jpg	lahdeUrl
ITA	fokuskohteet-ita.js	FOKUSKOHTEET_ITA[11].kuva	Town of Bellagio (Lake Como) seen from the lake (36722979021).jpg	lisenssiUrl
ITA	fokuskohteet-ita.js	FOKUSKOHTEET_ITA[11].kuva	Town of Bellagio (Lake Como) seen from the lake (36722979021).jpg	lahdeUrl
ITA	fokuskohteet-ita.js	FOKUSKOHTEET_ITA[12].kuva	Po River Delta aerial 1.jpg	lisenssiUrl
ITA	fokuskohteet-ita.js	FOKUSKOHTEET_ITA[12].kuva	Po River Delta aerial 1.jpg	lahdeUrl
ITA	fokuskohteet-ita.js	FOKUSKOHTEET_ITA[13].kuva	Nuraghe Su Nuraxi - Barumini - Sardinia - Italy - 07.jpg	lisenssiUrl
ITA	fokuskohteet-ita.js	FOKUSKOHTEET_ITA[13].kuva	Nuraghe Su Nuraxi - Barumini - Sardinia - Italy - 07.jpg	lahdeUrl
ITA	fokuskohteet-ita.js	FOKUSKOHTEET_ITA[14].kuva	2012-02-17 Foro Romano da Palazzo Senatorio 1.jpg	lisenssiUrl
ITA	fokuskohteet-ita.js	FOKUSKOHTEET_ITA[14].kuva	2012-02-17 Foro Romano da Palazzo Senatorio 1.jpg	lahdeUrl
ITA	fokuskohteet-ita.js	FOKUSKOHTEET_ITA[15].kuva	Colosseo 2020.jpg	lisenssiUrl
ITA	fokuskohteet-ita.js	FOKUSKOHTEET_ITA[15].kuva	Colosseo 2020.jpg	lahdeUrl
ROU	fokuskohteet-rou.js	FOKUSKOHTEET_ROU[0].kuva	Castelul Bran2.jpg	lisenssiUrl
ROU	fokuskohteet-rou.js	FOKUSKOHTEET_ROU[0].kuva	Castelul Bran2.jpg	lahdeUrl
ROU	fokuskohteet-rou.js	FOKUSKOHTEET_ROU[1].kuva	Casa Vlad Dracul din Sighisoara4.JPG	lisenssiUrl
ROU	fokuskohteet-rou.js	FOKUSKOHTEET_ROU[1].kuva	Casa Vlad Dracul din Sighisoara4.JPG	lahdeUrl
ROU	fokuskohteet-rou.js	FOKUSKOHTEET_ROU[2].kuva	01 Chateau Peles.jpg	lisenssiUrl
ROU	fokuskohteet-rou.js	FOKUSKOHTEET_ROU[2].kuva	01 Chateau Peles.jpg	lahdeUrl
ROU	fokuskohteet-rou.js	FOKUSKOHTEET_ROU[3].kuva	Wide view over the northern Transfagarasan.jpg	lisenssiUrl
ROU	fokuskohteet-rou.js	FOKUSKOHTEET_ROU[3].kuva	Wide view over the northern Transfagarasan.jpg	lahdeUrl
ROU	fokuskohteet-rou.js	FOKUSKOHTEET_ROU[4].kuva	Danube Delta 2024-09-25 - 47 - flock of Great white pelicans.jpg	lisenssiUrl
ROU	fokuskohteet-rou.js	FOKUSKOHTEET_ROU[4].kuva	Danube Delta 2024-09-25 - 47 - flock of Great white pelicans.jpg	lahdeUrl
ROU	fokuskohteet-rou.js	FOKUSKOHTEET_ROU[5].kuva	Cimitirul Vesel, Săpânța, Maramureș - (2023) - IMG 18.jpg	lisenssiUrl
ROU	fokuskohteet-rou.js	FOKUSKOHTEET_ROU[5].kuva	Cimitirul Vesel, Săpânța, Maramureș - (2023) - IMG 18.jpg	lahdeUrl
ROU	fokuskohteet-rou.js	FOKUSKOHTEET_ROU[6].kuva	Moldoveanu Peak (Romania).jpg	lisenssiUrl
ROU	fokuskohteet-rou.js	FOKUSKOHTEET_ROU[6].kuva	Moldoveanu Peak (Romania).jpg	lahdeUrl
ROU	fokuskohteet-rou.js	FOKUSKOHTEET_ROU[7].kuva	Ada-Kaleh.jpg	lisenssiUrl
ROU	fokuskohteet-rou.js	FOKUSKOHTEET_ROU[7].kuva	Ada-Kaleh.jpg	lahdeUrl
ROU	fokuskohteet-rou.js	FOKUSKOHTEET_ROU[8].kuva	Statue of Ovid and National History Museum in Constantza.jpg	lisenssiUrl
ROU	fokuskohteet-rou.js	FOKUSKOHTEET_ROU[8].kuva	Statue of Ovid and National History Museum in Constantza.jpg	lahdeUrl
ROU	fokuskohteet-rou.js	FOKUSKOHTEET_ROU[9].kuva	Sarmizegetusa Regia - Sanctuarul mare circular. (Zona sacra).jpg	lisenssiUrl
ROU	fokuskohteet-rou.js	FOKUSKOHTEET_ROU[9].kuva	Sarmizegetusa Regia - Sanctuarul mare circular. (Zona sacra).jpg	lahdeUrl
ROU	fokuskohteet-rou.js	FOKUSKOHTEET_ROU[10].kuva	UFO-shaped constructions in the underground lake, Mina Terezia, Turda salt mine, Turda, 2017.jpg	lisenssiUrl
ROU	fokuskohteet-rou.js	FOKUSKOHTEET_ROU[10].kuva	UFO-shaped constructions in the underground lake, Mina Terezia, Turda salt mine, Turda, 2017.jpg	lahdeUrl
ROU	fokuskohteet-rou.js	FOKUSKOHTEET_ROU[11].kuva	Castle of Hunedoara 2019 01.jpg	lisenssiUrl
ROU	fokuskohteet-rou.js	FOKUSKOHTEET_ROU[11].kuva	Castle of Hunedoara 2019 01.jpg	lahdeUrl
ROU	fokuskohteet-rou.js	FOKUSKOHTEET_ROU[12].kuva	Nadia Comăneci 1976.jpg	lisenssiUrl
ROU	fokuskohteet-rou.js	FOKUSKOHTEET_ROU[12].kuva	Nadia Comăneci 1976.jpg	lahdeUrl
TUR	fokuskohteet-tur.js	FOKUSKOHTEET_TUR[0].kuva	Legendary walls of Troy (8708672267).jpg	lisenssiUrl
TUR	fokuskohteet-tur.js	FOKUSKOHTEET_TUR[0].kuva	Legendary walls of Troy (8708672267).jpg	lahdeUrl
TUR	fokuskohteet-tur.js	FOKUSKOHTEET_TUR[1].kuva	Ephesus Celsus Library Façade.jpg	lisenssiUrl
TUR	fokuskohteet-tur.js	FOKUSKOHTEET_TUR[1].kuva	Ephesus Celsus Library Façade.jpg	lahdeUrl
TUR	fokuskohteet-tur.js	FOKUSKOHTEET_TUR[2].kuva	Göreme Valley in Cappadocia edit1.jpg	lisenssiUrl
TUR	fokuskohteet-tur.js	FOKUSKOHTEET_TUR[2].kuva	Göreme Valley in Cappadocia edit1.jpg	lahdeUrl
TUR	fokuskohteet-tur.js	FOKUSKOHTEET_TUR[3].kuva	The Travertine terraces of Pamukkale.jpg	lisenssiUrl
TUR	fokuskohteet-tur.js	FOKUSKOHTEET_TUR[3].kuva	The Travertine terraces of Pamukkale.jpg	lahdeUrl
TUR	fokuskohteet-tur.js	FOKUSKOHTEET_TUR[4].kuva	Castillo de Ankara, Ankara, Turquía, 2024-10-03, DD 47.jpg	lisenssiUrl
TUR	fokuskohteet-tur.js	FOKUSKOHTEET_TUR[4].kuva	Castillo de Ankara, Ankara, Turquía, 2024-10-03, DD 47.jpg	lahdeUrl
TUR	fokuskohteet-tur.js	FOKUSKOHTEET_TUR[5].kuva	İzmir Clock Tower, Konak Square.jpg	lisenssiUrl
TUR	fokuskohteet-tur.js	FOKUSKOHTEET_TUR[5].kuva	İzmir Clock Tower, Konak Square.jpg	lahdeUrl
TUR	fokuskohteet-tur.js	FOKUSKOHTEET_TUR[6].kuva	The mausoleum and Yeşil Cami (Green Mosque) of Çelebi Sultan Mehmet (I) in Bursa between 1880 and 1893.jpg	lisenssiUrl
TUR	fokuskohteet-tur.js	FOKUSKOHTEET_TUR[6].kuva	The mausoleum and Yeşil Cami (Green Mosque) of Çelebi Sultan Mehmet (I) in Bursa between 1880 and 1893.jpg	lahdeUrl
TUR	fokuskohteet-tur.js	FOKUSKOHTEET_TUR[7].kuva	Mevlana Müzesi 01.jpg	lisenssiUrl
TUR	fokuskohteet-tur.js	FOKUSKOHTEET_TUR[7].kuva	Mevlana Müzesi 01.jpg	lahdeUrl
TUR	fokuskohteet-tur.js	FOKUSKOHTEET_TUR[8].kuva	Hagia Sophia Trabzon.jpg	lisenssiUrl
TUR	fokuskohteet-tur.js	FOKUSKOHTEET_TUR[8].kuva	Hagia Sophia Trabzon.jpg	lahdeUrl
TUR	fokuskohteet-tur.js	FOKUSKOHTEET_TUR[9].kuva	Göbekli Tepe, Urfa.jpg	lisenssiUrl
TUR	fokuskohteet-tur.js	FOKUSKOHTEET_TUR[9].kuva	Göbekli Tepe, Urfa.jpg	lahdeUrl
TUR	fokuskohteet-tur.js	FOKUSKOHTEET_TUR[10].kuva	00 2399 Mount Ararat, Turkey.jpg	lisenssiUrl
TUR	fokuskohteet-tur.js	FOKUSKOHTEET_TUR[10].kuva	00 2399 Mount Ararat, Turkey.jpg	lahdeUrl
TUR	fokuskohteet-tur.js	FOKUSKOHTEET_TUR[11].kuva	00 3385 Akdamar Island - Lake Van.jpg	lisenssiUrl
TUR	fokuskohteet-tur.js	FOKUSKOHTEET_TUR[11].kuva	00 3385 Akdamar Island - Lake Van.jpg	lahdeUrl
TUR	fokuskohteet-tur.js	FOKUSKOHTEET_TUR[12].kuva	Black Sea Turkey Giresun.jpg	lisenssiUrl
TUR	fokuskohteet-tur.js	FOKUSKOHTEET_TUR[12].kuva	Black Sea Turkey Giresun.jpg	lahdeUrl
TUR	fokuskohteet-tur.js	FOKUSKOHTEET_TUR[13].kuva	Kızıl ırmak Bafra Samsun (64325689).jpeg	lisenssiUrl
TUR	fokuskohteet-tur.js	FOKUSKOHTEET_TUR[13].kuva	Kızıl ırmak Bafra Samsun (64325689).jpeg	lahdeUrl
TUR	fokuskohteet-tur.js	FOKUSKOHTEET_TUR[14].kuva	Baklava and Pistachios for Sale - Gaziantep.jpg	lisenssiUrl
TUR	fokuskohteet-tur.js	FOKUSKOHTEET_TUR[14].kuva	Baklava and Pistachios for Sale - Gaziantep.jpg	lahdeUrl
TUR	fokuskohteet-tur.js	FOKUSKOHTEET_TUR[15].kuva	Bayezid Gate of the Grand Bazaar (AP4M2098 1PS) (28796761060).jpg	lisenssiUrl
TUR	fokuskohteet-tur.js	FOKUSKOHTEET_TUR[15].kuva	Bayezid Gate of the Grand Bazaar (AP4M2098 1PS) (28796761060).jpg	lahdeUrl
TUR	fokuskohteet-tur.js	FOKUSKOHTEET_TUR[16].kuva	Piri reis world map 01.jpg	lisenssiUrl
TUR	fokuskohteet-tur.js	FOKUSKOHTEET_TUR[16].kuva	Piri reis world map 01.jpg	lahdeUrl
TUR	fokuskohteet-tur.js	FOKUSKOHTEET_TUR[17].kuvat[0]	Van kitten.jpg	lisenssiUrl
TUR	fokuskohteet-tur.js	FOKUSKOHTEET_TUR[17].kuvat[0]	Van kitten.jpg	lahdeUrl
TUR	fokuskohteet-tur.js	FOKUSKOHTEET_TUR[17].kuvat[1]	VAN CAT.png	lisenssiUrl
TUR	fokuskohteet-tur.js	FOKUSKOHTEET_TUR[17].kuvat[1]	VAN CAT.png	lahdeUrl
TUR	fokuskohteet-tur.js	FOKUSKOHTEET_TUR[17].kuvat[2]	Van, casa del gatto di van, presso la facoltà di veterinaria dell'università 04.jpg	lisenssiUrl
TUR	fokuskohteet-tur.js	FOKUSKOHTEET_TUR[17].kuvat[2]	Van, casa del gatto di van, presso la facoltà di veterinaria dell'università 04.jpg	lahdeUrl
TUR	fokuskohteet-tur.js	FOKUSKOHTEET_TUR[18].kuva	Oil wrestling match in the gardens of the Sultan's Palace.jpg	lisenssiUrl
TUR	fokuskohteet-tur.js	FOKUSKOHTEET_TUR[18].kuva	Oil wrestling match in the gardens of the Sultan's Palace.jpg	lahdeUrl
TUR	fokuskohteet-tur.js	FOKUSKOHTEET_TUR[19].kuva	Franz Xaver Winterhalter Empress Eugenie.jpg	lisenssiUrl
TUR	fokuskohteet-tur.js	FOKUSKOHTEET_TUR[19].kuva	Franz Xaver Winterhalter Empress Eugenie.jpg	lahdeUrl
TUR	fokuskohteet-tur.js	FOKUSKOHTEET_TUR[20].kuva	Ciconia ciconia - White Stork 09.jpg	lisenssiUrl
TUR	fokuskohteet-tur.js	FOKUSKOHTEET_TUR[20].kuva	Ciconia ciconia - White Stork 09.jpg	lahdeUrl
TUR	fokuskohteet-tur.js	FOKUSKOHTEET_TUR[23].kuva	Walls of Constantinople.JPG	lisenssiUrl
TUR	fokuskohteet-tur.js	FOKUSKOHTEET_TUR[23].kuva	Walls of Constantinople.JPG	lahdeUrl
ALB	hahmotelma-alb.js	HAHMOTELMA_ALB[0].kuva	Amphitheatre of Butrint 2009.jpg	lisenssiUrl
ALB	hahmotelma-alb.js	HAHMOTELMA_ALB[0].kuva	Amphitheatre of Butrint 2009.jpg	lahdeUrl
BIH	hahmotelma-bih.js	HAHMOTELMA_BIH[1].kuva	Bobovac 0352.jpg	lisenssiUrl
BIH	hahmotelma-bih.js	HAHMOTELMA_BIH[1].kuva	Bobovac 0352.jpg	lahdeUrl
CYP	hahmotelma-cyp.js	HAHMOTELMA_CYP[2].kuva	Cyprus - Famagusta Varosha 07.JPG	lisenssiUrl
CYP	hahmotelma-cyp.js	HAHMOTELMA_CYP[2].kuva	Cyprus - Famagusta Varosha 07.JPG	lahdeUrl
GRC	hahmotelma-grc.js	HAHMOTELMA_GRC[29].kuva	https://media.matkakirja.app/karttanostot/20260921/grc-nosto-heraion-d9af6116.jpg	RIKKI-URL 
IRL	hahmotelma-irl.js	HAHMOTELMA_IRL[17].kuva	https://media.matkakirja.app/karttanostot/20260920/irl-nosto-loughcrew-61511f1d.jpg	RIKKI-URL 
MDA	hahmotelma-mda.js	HAHMOTELMA_MDA[0].kuva	Orhei Vechi 08.JPG	lisenssiUrl
MDA	hahmotelma-mda.js	HAHMOTELMA_MDA[0].kuva	Orhei Vechi 08.JPG	lahdeUrl
MKD	hahmotelma-mkd.js	HAHMOTELMA_MKD[0].kuva	Old Railway station Skopje Earthquake 1963 Macedonia.JPG	lisenssiUrl
MKD	hahmotelma-mkd.js	HAHMOTELMA_MKD[0].kuva	Old Railway station Skopje Earthquake 1963 Macedonia.JPG	lahdeUrl
MLT	hahmotelma-mlt.js	HAHMOTELMA_MLT[1].kuva	Renzo Piano Pjazza Teatru Rjal.jpeg	lisenssiUrl
MLT	hahmotelma-mlt.js	HAHMOTELMA_MLT[1].kuva	Renzo Piano Pjazza Teatru Rjal.jpeg	lahdeUrl
MLT	hahmotelma-mlt.js	HAHMOTELMA_MLT[22].kuvat[0]	https://media.matkakirja.app/karttanostot/20260921/mlt-nosto-wied-il-ghasri-fea9b444.jpg	RIKKI-URL 
MNE	hahmotelma-mne.js	HAHMOTELMA_MNE[0].kuva	Žabljak Crnojevića - Golubovci - panoramio.jpg	lisenssiUrl
MNE	hahmotelma-mne.js	HAHMOTELMA_MNE[0].kuva	Žabljak Crnojevića - Golubovci - panoramio.jpg	lahdeUrl
SRB	hahmotelma-srb.js	HAHMOTELMA_SRB[0].kuva	Smederevo fortress (Smederevska tvrđava) - pano.JPG	lisenssiUrl
SRB	hahmotelma-srb.js	HAHMOTELMA_SRB[0].kuva	Smederevo fortress (Smederevska tvrđava) - pano.JPG	lahdeUrl
GRC	maakunnat-luonnehdinnat.js	MAAKUNTIEN_LUONNEHDINNAT.GRC.Anatoliki Makedonia kai Thraki.kuva[0]	https://media.matkakirja.app/karttanostot/20260926/grc-maakunta-anatoliki-makedonia-kai-thraki-c1ab2e80.jpg	lisenssiUrl
NLD	maakunnat-luonnehdinnat.js	MAAKUNTIEN_LUONNEHDINNAT.NLD.Drenthe.kuva[0]	https://media.matkakirja.app/karttanostot/20260926/nld-maakunta-drenthe-2ae631b3.jpg	lisenssiUrl
CZE	maakunnat-luonnehdinnat.js	MAAKUNTIEN_LUONNEHDINNAT.CZE.Plzeňský.kuva[0]	https://media.matkakirja.app/karttanostot/20260926/cze-maakunta-plzensky-99a6a1c6.jpg	lisenssiUrl
BGR	maakunnat-luonnehdinnat.js	MAAKUNTIEN_LUONNEHDINNAT.BGR.Dobrich.kuva[0]	https://media.matkakirja.app/karttanostot/20260926/bgr-maakunta-dobrich-8bee9277.jpg	lisenssiUrl
BGR	maakunnat-luonnehdinnat.js	MAAKUNTIEN_LUONNEHDINNAT.BGR.Gabrovo.kuva[0]	https://media.matkakirja.app/karttanostot/20260926/bgr-maakunta-gabrovo-178da40b.jpg	lisenssiUrl
BGR	maakunnat-luonnehdinnat.js	MAAKUNTIEN_LUONNEHDINNAT.BGR.Pleven.kuva[0]	https://media.matkakirja.app/karttanostot/20260926/bgr-maakunta-pleven-66b2ff79.jpg	lisenssiUrl
BGR	maakunnat-luonnehdinnat.js	MAAKUNTIEN_LUONNEHDINNAT.BGR.Razgrad.kuva[0]	https://media.matkakirja.app/karttanostot/20260926/bgr-maakunta-razgrad-d7c21a4c.jpg	lisenssiUrl
ALB	maakunnat-luonnehdinnat.js	MAAKUNTIEN_LUONNEHDINNAT.ALB.Elbasan.kuva[0]	https://media.matkakirja.app/karttanostot/20260926/alb-maakunta-elbasan-1520bd09.jpg	lisenssiUrl
PRT	maakunnat-luonnehdinnat.js	MAAKUNTIEN_LUONNEHDINNAT.PRT.Azores.kuva[0]	https://media.matkakirja.app/karttanostot/20260926/prt-maakunta-azores-ca9783ec.jpg	lisenssiUrl
HUN	maakunnat-luonnehdinnat.js	MAAKUNTIEN_LUONNEHDINNAT.HUN.Szabolcs-Szatmár-Bereg.kuva[0]	https://media.matkakirja.app/karttanostot/20260926/hun-maakunta-szabolcs-szatmar-bereg-f2ce53fb.jpg	lisenssiUrl
HUN	maakunnat-luonnehdinnat.js	MAAKUNTIEN_LUONNEHDINNAT.HUN.Veszprém.kuva[0]	https://media.matkakirja.app/karttanostot/20260926/hun-maakunta-veszprem-d68d4e82.jpg	lisenssiUrl
SWE	maakunnat-luonnehdinnat.js	MAAKUNTIEN_LUONNEHDINNAT.SWE.Jönköping.kuva[0]	https://media.matkakirja.app/karttanostot/20260926/swe-maakunta-jonkoping-41b32b59.jpg	lisenssiUrl
SWE	maakunnat-luonnehdinnat.js	MAAKUNTIEN_LUONNEHDINNAT.SWE.Värmland.kuva[0]	https://media.matkakirja.app/karttanostot/20260926/swe-maakunta-varmland-362036c7.jpg	lisenssiUrl
NOR	maakunnat-luonnehdinnat.js	MAAKUNTIEN_LUONNEHDINNAT.NOR.Akershus.kuva[0]	https://media.matkakirja.app/karttanostot/20260926/nor-maakunta-akershus-846b62b1.jpg	lisenssiUrl
NOR	maakunnat-luonnehdinnat.js	MAAKUNTIEN_LUONNEHDINNAT.NOR.Aust-Agder.kuva[0]	https://media.matkakirja.app/karttanostot/20260926/nor-maakunta-aust-agder-91c9b840.jpg	lisenssiUrl
FRA	maalehtinostot-fra.js	MAALEHTINOSTOT_FRA[0].kuva	Chateau Versailles Galerie des Glaces.jpg	lisenssiUrl
FRA	maalehtinostot-fra.js	MAALEHTINOSTOT_FRA[0].kuva	Chateau Versailles Galerie des Glaces.jpg	lahdeUrl
FRA	maalehtinostot-fra.js	MAALEHTINOSTOT_FRA[1].kuva	Wikicheese - Roquefort - 20150417 - 002.jpg	lisenssiUrl
FRA	maalehtinostot-fra.js	MAALEHTINOSTOT_FRA[1].kuva	Wikicheese - Roquefort - 20150417 - 002.jpg	lahdeUrl
FRA	maalehtinostot-fra.js	MAALEHTINOSTOT_FRA[2].kuva	Michelin Poster 1898.jpg	lisenssiUrl
FRA	maalehtinostot-fra.js	MAALEHTINOSTOT_FRA[2].kuva	Michelin Poster 1898.jpg	lahdeUrl
FRA	maalehtinostot-fra.js	MAALEHTINOSTOT_FRA[3].kuva	La Chandeleur - gosses mangeant des crêpes - btv1b9034624v.jpg	lisenssiUrl
FRA	maalehtinostot-fra.js	MAALEHTINOSTOT_FRA[3].kuva	La Chandeleur - gosses mangeant des crêpes - btv1b9034624v.jpg	lahdeUrl
FRA	maalehtinostot-fra.js	MAALEHTINOSTOT_FRA[4].kuva	Experience Aérostatique faite à Versailles le dix-neuf Septembre 1783.png	lisenssiUrl
FRA	maalehtinostot-fra.js	MAALEHTINOSTOT_FRA[4].kuva	Experience Aérostatique faite à Versailles le dix-neuf Septembre 1783.png	lahdeUrl
FRA	maalehtinostot-fra.js	MAALEHTINOSTOT_FRA[5].kuva	Engraving of Louis Braille by Henri Thiriat (cropped).jpg	lisenssiUrl
FRA	maalehtinostot-fra.js	MAALEHTINOSTOT_FRA[5].kuva	Engraving of Louis Braille by Henri Thiriat (cropped).jpg	lahdeUrl
FRA	maalehtinostot-fra.js	MAALEHTINOSTOT_FRA[6].kuva	Albert Edelfelt - Louis Pasteur - 1885.jpg	lisenssiUrl
FRA	maalehtinostot-fra.js	MAALEHTINOSTOT_FRA[6].kuva	Albert Edelfelt - Louis Pasteur - 1885.jpg	lahdeUrl
FRA	maalehtinostot-fra.js	MAALEHTINOSTOT_FRA[7].kuva	Poster Cinematographe Lumiere.jpg	lisenssiUrl
FRA	maalehtinostot-fra.js	MAALEHTINOSTOT_FRA[7].kuva	Poster Cinematographe Lumiere.jpg	lahdeUrl
FRA	maalehtinostot-fra.js	MAALEHTINOSTOT_FRA[8].kuva	Dune du pyla 2009.JPG	lisenssiUrl
FRA	maalehtinostot-fra.js	MAALEHTINOSTOT_FRA[8].kuva	Dune du pyla 2009.JPG	lahdeUrl
FRA	maalehtinostot-fra.js	MAALEHTINOSTOT_FRA[9].kuva	Saint-Laurent-d'Aigouze - Camargue horses - 03.jpg	lisenssiUrl
FRA	maalehtinostot-fra.js	MAALEHTINOSTOT_FRA[9].kuva	Saint-Laurent-d'Aigouze - Camargue horses - 03.jpg	lahdeUrl
FRA	maalehtinostot-fra.js	MAALEHTINOSTOT_FRA[10].kuva	Puy de Pariou and Puy de Dome (GeoDIL number - 2451).jpg	lisenssiUrl
FRA	maalehtinostot-fra.js	MAALEHTINOSTOT_FRA[10].kuva	Puy de Pariou and Puy de Dome (GeoDIL number - 2451).jpg	lahdeUrl
FRA	maalehtinostot-fra.js	MAALEHTINOSTOT_FRA[11].kuva	Mont St Michel + Jetée par Marée haute.JPG	lisenssiUrl
FRA	maalehtinostot-fra.js	MAALEHTINOSTOT_FRA[11].kuva	Mont St Michel + Jetée par Marée haute.JPG	lahdeUrl
FRA	maalehtinostot-fra.js	MAALEHTINOSTOT_FRA[12].kuva	Maurice Garin au départ de la première étape du premier Tour de France (Villeneuve-Saint-Georges 1903).jpg	lisenssiUrl
FRA	maalehtinostot-fra.js	MAALEHTINOSTOT_FRA[12].kuva	Maurice Garin au départ de la première étape du premier Tour de France (Villeneuve-Saint-Georges 1903).jpg	lahdeUrl
FRA	maalehtinostot-fra.js	MAALEHTINOSTOT_FRA[13].kuva	Pétanque balls child-20080713-RM-180115.jpg	lisenssiUrl
FRA	maalehtinostot-fra.js	MAALEHTINOSTOT_FRA[13].kuva	Pétanque balls child-20080713-RM-180115.jpg	lahdeUrl
FRA	maalehtinostot-fra.js	MAALEHTINOSTOT_FRA[14].kuva	Court Philippe Chatrier 2024.jpg	lisenssiUrl
FRA	maalehtinostot-fra.js	MAALEHTINOSTOT_FRA[14].kuva	Court Philippe Chatrier 2024.jpg	lahdeUrl
FRA	maalehtinostot-fra.js	MAALEHTINOSTOT_FRA[15].kuva	24 heures du Mans 1970 (5000505233).jpg	lisenssiUrl
FRA	maalehtinostot-fra.js	MAALEHTINOSTOT_FRA[15].kuva	24 heures du Mans 1970 (5000505233).jpg	lahdeUrl
FRA	maalehtinostot-fra.js	MAALEHTINOSTOT_FRA[16].kuva	Savons de Marseille.jpg	lisenssiUrl
FRA	maalehtinostot-fra.js	MAALEHTINOSTOT_FRA[16].kuva	Savons de Marseille.jpg	lahdeUrl
FRA	maalehtinostot-fra.js	MAALEHTINOSTOT_FRA[17].kuva	Paris 75005 Quai de Montebello Bouquinistes 20071014.jpg	lisenssiUrl
FRA	maalehtinostot-fra.js	MAALEHTINOSTOT_FRA[17].kuva	Paris 75005 Quai de Montebello Bouquinistes 20071014.jpg	lahdeUrl
CZE	maastokohteet-cze.js	MAASTOKOHTEET_CZE[7].kuvat[0]	https://media.matkakirja.app/karttanostot/20260912/cze-kohde-litomysl-3bc6ed892381.jpg	lisenssiUrl
