iPhone 18 Pro	0AC1815C-3372-4E20-A9B4-EDA798818943	(vanha sisäinen 1572C658-6455-4E55-8C05-3F88CB3C32F6)
pariteetti-iPhone	19A854CE-F8F3-460E-9549-D02A07AAC8DB	(vanha sisäinen A2FD9C9F-37CA-4D7A-BA59-E65AF9EBCCA2)
pariteetti-iPhone-vaaka	25333DF8-5981-47B4-A765-03E0DA7927C8	(vanha sisäinen 993F8873-E2D9-4230-81CE-CBF9230D9B55)
iPhone 18 Pro Max	63DEA145-C922-42F9-870C-C0ECC27F2E56	(vanha sisäinen 46EC73E2-7594-4CCB-A2B6-4FAEF263C36E)
linnanrakentaja-iPhone	484B130B-0652-4EAD-B26A-509A9DD79C66	(vanha sisäinen D760E909-1F24-4047-AC4B-EA64F8D3A4F2)
linssiseppa-iPhone	BD64C8E4-A5E4-459B-A863-B5460E2A26DB	(vanha sisäinen D0D2CD1E-70C7-4140-A972-E615212E8911)
linssiseppa2-iPhone	8D1FD618-A7BD-48F8-8BB4-3E91A95834FD	(vanha sisäinen F2D9B022-CBC4-41CD-85E2-E30CCA5D6446)
natiiviseppa-iPhone	CDA479DE-8554-450B-B75B-A4B56EFF122A	(vanha sisäinen FBBD41D7-2E5A-4B73-9818-B1D9C6C9C748)
siirtoseppa-iPhone	95EEDB48-8BC6-4B1D-89F7-E4C650A3BF8D	(vanha sisäinen F989814A-4E6F-4617-8E5E-C7505E30DEF9)
iPhone 17e	616C61C3-7FA0-4BD8-AC5C-B8FBBB521BE2	(vanha sisäinen 4AC5DFFF-6E17-47A4-9BA2-E63865D17EC5)
iPhone Air	FB3EAF11-2976-4544-860F-6654D19FF3F6	(vanha sisäinen D2EBA4C0-72EE-4F18-9DDC-C83B50D12E40)
iPhone 17	96044270-92AA-4BD3-BE2D-772C8495AB19	(vanha sisäinen FB234D08-4693-4496-9C7A-6C7C15B03963)
linnanrakentaja-iPad13	18932B67-771C-4D78-9CA2-060B3060AA1D	(vanha sisäinen D9AC9B91-2078-4FFF-8412-CEB0AF638E58)
siirtoseppa-iPad13	8362879F-30B9-4625-9F42-57326EBC3439	(vanha sisäinen D5900D45-EB2B-457F-B4C5-182067D2B8FB)
iPad Pro 13-inch (M5)	3622D89D-0C4E-4755-8B7A-AC36C8D3431C	(vanha sisäinen 3B4CDACB-CCBE-42EC-809D-FB4D0B43CC7D)
linssiseppa-iPad13	00CF62C2-2FE6-4993-8475-5786CC40A7A3	(vanha sisäinen 3A3E4671-B6EE-43ED-BC90-6FB5E1581C42)
linssiseppa2-iPad13	A26BC7D0-7E43-4274-8BE6-97E3F14CF3A4	(vanha sisäinen 4CE6C737-B056-4F73-9CEA-D2DABFC9B8FC)
pariteetti-iPad13	A2A6FEF2-4779-4EA6-BC99-28C33C54F7E9	(vanha sisäinen 88939C12-2D15-4514-B107-DF6DAAABB227)
pelikoodari-iPad13	39644E75-8BDA-4ED8-98B1-3FC864B73697	(vanha sisäinen CD526454-E966-48B4-AB1F-9EFDAA0BEF53)
linssiseppa-iPad11	BDB4E6B6-29A9-4257-B26A-4EDE02C15433	(vanha sisäinen 903C2B91-34C3-4C43-A392-A52F7DAFD96C)
natiivi-ui-iPad11	F7513985-C8BC-4E97-8D29-9C9BD420E962	(vanha sisäinen AD119F7B-A2A2-43EE-8769-7326DD757F89)
pariteetti-iPad11-834	FB5EE657-1A57-4C5F-9374-DC77E074E65F	(vanha sisäinen C1D5E34C-DFA8-4326-AD85-92B58A672AA7)
iPad mini (A17 Pro)	1E789370-BA5B-48B4-AF67-B80C0FE8FDAD	(vanha sisäinen E765DF34-308C-4C6E-8793-7A5529D4AD72)
iPad Air 13-inch (M4)	864EAA12-6407-4638-A802-9BF57276F308	(vanha sisäinen 926C58CD-1B79-4F6A-BF89-A5A63C1F6B4A)
iPad Air 11-inch (M4)	B4A8C83A-F0A9-4944-92D2-F96445A59689	(vanha sisäinen EA8A340D-DAB3-46D3-94E3-BEDD8C18E6B4)
iPad (A16)	C124DBCE-82F1-49C7-982B-4D5190D753C0	(vanha sisäinen DC74067B-7779-4FE2-B047-C7AD750073E6)
